{
  "type": "minecraft:block",
  "pools": [
    {
      "bonus_rolls": 0.0,
      "entries": [
        {
          "type": "minecraft:item",
          "functions": [
            {
              "function": "minecraft:copy_components",
              "include": [
                "minecraft:custom_name",
                "minecraft:container",
                "minecraft:lock",
                "minecraft:container_loot"
              ],
              "source": "block_entity"
            },
            {
              "function": "minecraft:set_components",
              "components": {
                "minecraft:max_stack_size": 64
              }
            }
          ],
          "name": "minecraft:light_gray_shulker_box"
        }
      ],
      "rolls": 1.0
    }
  ],
  "random_sequence": "minecraft:blocks/light_gray_shulker_box"
}